Matrecul,Password,First Name,Last Name
910689,QrlaoazdEu,Michael,Anderson
533813,Wb9TusYQZ0,Andrew,White
783314,Tne7X6ptKO,James,Jackson
838822,kP0j5qEfHO,Evelyn,Davis
132436,FpNWzJlkVu,Charlotte,Wilson
794808,z3GQM5YmUE,Sophia,Lopez
519956,I7eJv48XZD,Isabella,Davis
101188,LLh4FG9n9t,Emma,Martin
150601,5ea4cmZQBj,Emily,Wilson
259371,xJ0TTWyMAV,Abigail,Garcia
435083,TVvvaKongd,Joseph,Garcia
439182,KJFGzt86mi,Joseph,Gonzalez
455691,J1KwHHEwyP,Matthew,Jackson
511693,FIyVcpywsr,Harper,Anderson
851434,P1Yv8RleRY,David,Lopez
858583,KquhAH21vh,Joshua,Garcia
427461,sZQKfiAmyF,John,Williams
134629,GD07z51U1d,Andrew,Rodriguez
411796,4d1dKNUJl4,Charlotte,White
265250,r0LAOr5yfG,David,Harris
